dept,year,actividad,constante_chain2017_mm,corriente_bob_mm
BENI,2017,Actividad extractiva,100,570.329306338084
BENI,2017,"Actividades artisticas, de entretenimiento, recreativas y otros servicios",100,385.424912245055
BENI,2017,Actividades de alojamiento y de servicio de comidas y bebidas,100,576.166670834182
BENI,2017,Actividades de atencion de la salud humana y de asistencia social,100,508.590179162099
BENI,2017,Actividades financieras y de seguros,100,254.014460096694
BENI,2017,"Actividades inmobiliarias, empresariales y de alquiler",100,1098.99301817881
BENI,2017,Administracion publica,100,332.123121361772
BENI,2017,"Agricultura, ganaderia, silvicultura y pesca",100,1316.33452352265
BENI,2017,Comercio; reparacion de vehículos automotores y motocicletas,100,646.10497997302
BENI,2017,Comunicación e informaciones,100,230.660218158684
BENI,2017,Construcción,100,723.065353527287
BENI,2017,Enseñanza,100,995.315563093309
BENI,2017,Impuestos netos de subvenciones a los productos,100,808.914268274945
BENI,2017,Industrias manufactureras,100,1115.58920444153
BENI,2017,PRODUCTO  INTERNO  BRUTO(1),100,10381.2566473099
BENI,2017,"Suministro de electricidad, agua y recolección de desechos sólidos",100,135.107825598383
BENI,2017,Transporte y almacenamiento,100,684.523042503439
BENI,2017,VALOR AGREGADO BRUTO,100,9572.34237903499
BENI,2018,Actividad extractiva,124.697989997083,711.189181367899
BENI,2018,"Actividades artisticas, de entretenimiento, recreativas y otros servicios",111.807454655711,430.933783990204
BENI,2018,Actividades de alojamiento y de servicio de comidas y bebidas,103.314396234055,595.26311727419
BENI,2018,Actividades de atencion de la salud humana y de asistencia social,109.621852739873,557.525977250531
BENI,2018,Actividades financieras y de seguros,104.953757455174,266.597720350954
BENI,2018,"Actividades inmobiliarias, empresariales y de alquiler",92.1322109527966,1012.52656586501
BENI,2018,Administracion publica,102.019120829299,338.829088484105
BENI,2018,"Agricultura, ganaderia, silvicultura y pesca",103.152837965208,1357.83641812941
BENI,2018,Comercio; reparacion de vehículos automotores y motocicletas,123.033286305358,794.924189843384
BENI,2018,Comunicación e informaciones,103.307543340372,238.289404843279
BENI,2018,Construcción,92.3672390230054,667.875503385088
BENI,2018,Enseñanza,107.740484121371,1072.35780621208
BENI,2018,Impuestos netos de subvenciones a los productos,107.355539267339,868.414274917017
BENI,2018,Industrias manufactureras,130.301234189029,1453.62650186688
BENI,2018,PRODUCTO  INTERNO  BRUTO(1),108.173325244495,11229.7505175603
BENI,2018,"Suministro de electricidad, agua y recolección de desechos sólidos",108.813317498447,147.015307233616
BENI,2018,Transporte y almacenamiento,104.678094389071,716.545676546691
BENI,2018,VALOR AGREGADO BRUTO,108.242432545417,10361.3362426433
BENI,2019,Actividad extractiva,123.538948485561,704.578827955063
BENI,2019,"Actividades artisticas, de entretenimiento, recreativas y otros servicios",112.898132881585,435.137529585154
BENI,2019,Actividades de alojamiento y de servicio de comidas y bebidas,104.842698728988,604.068686879523
BENI,2019,Actividades de atencion de la salud humana y de asistencia social,117.186104038446,595.997016482214
BENI,2019,Actividades financieras y de seguros,109.903693459801,279.17127356824
BENI,2019,"Actividades inmobiliarias, empresariales y de alquiler",105.037877099794,1154.35893576998
BENI,2019,Administracion publica,114.873191240896,381.520428357142
BENI,2019,"Agricultura, ganaderia, silvicultura y pesca",109.305335832045,1438.82387160958
BENI,2019,Comercio; reparacion de vehículos automotores y motocicletas,121.457086629609,784.740285244049
BENI,2019,Comunicación e informaciones,104.947604088551,242.072372542963
BENI,2019,Construcción,135.570555237393,980.263714506164
BENI,2019,Enseñanza,105.196814901373,1047.04027059183
BENI,2019,Impuestos netos de subvenciones a los productos,119.056476263682,963.064823802299
BENI,2019,Industrias manufactureras,129.115661309062,1440.40037880718
BENI,2019,PRODUCTO  INTERNO  BRUTO(1),115.673432431005,12008.3558934153
BENI,2019,"Suministro de electricidad, agua y recolección de desechos sólidos",128.562022448169,173.697353075027
BENI,2019,Transporte y almacenamiento,116.429919864827,796.989629843026
BENI,2019,VALOR AGREGADO BRUTO,115.406392003522,11047.0949698684
BENI,2020,Actividad extractiva,113.460567619639,647.09886827234
BENI,2020,"Actividades artisticas, de entretenimiento, recreativas y otros servicios",92.1835304094933,355.298291185183
BENI,2020,Actividades de alojamiento y de servicio de comidas y bebidas,77.7736270130688,448.105717548193
BENI,2020,Actividades de atencion de la salud humana y de asistencia social,136.142515988824,692.407465983352
BENI,2020,Actividades financieras y de seguros,107.077592467773,271.992568391554
BENI,2020,"Actividades inmobiliarias, empresariales y de alquiler",97.7080914162058,1073.80510285987
BENI,2020,Administracion publica,101.746114893858,337.922372649816
BENI,2020,"Agricultura, ganaderia, silvicultura y pesca",113.86345422715,1498.82395766738
BENI,2020,Comercio; reparacion de vehículos automotores y motocicletas,101.973108295536,658.853330930738
BENI,2020,Comunicación e informaciones,96.3732438524996,222.294734516776
BENI,2020,Construcción,94.2992613476917,681.845287437307
BENI,2020,Enseñanza,105.449593894994,1049.55621925557
BENI,2020,Impuestos netos de subvenciones a los productos,91.6554141306071,741.413722548971
BENI,2020,Industrias manufactureras,110.567925231527,1233.48383745789
BENI,2020,PRODUCTO  INTERNO  BRUTO(1),102.89694446655,10681.9958873125
BENI,2020,"Suministro de electricidad, agua y recolección de desechos sólidos",118.570933644594,160.198610238913
BENI,2020,Transporte y almacenamiento,84.2486695815596,576.701556288361
BENI,2020,VALOR AGREGADO BRUTO,103.721381538241,9928.56576110558
BENI,2021,Actividad extractiva,105.796307803924,603.387348429425
BENI,2021,"Actividades artisticas, de entretenimiento, recreativas y otros servicios",111.564869038325,429.998798587274
BENI,2021,Actividades de alojamiento y de servicio de comidas y bebidas,95.7706186006059,551.798384828413
BENI,2021,Actividades de atencion de la salud humana y de asistencia social,142.400713735822,724.236045117123
BENI,2021,Actividades financieras y de seguros,107.528835528861,273.138791016898
BENI,2021,"Actividades inmobiliarias, empresariales y de alquiler",103.961533996572,1142.53000021392
BENI,2021,Administracion publica,106.125981838416,352.468923457573
BENI,2021,"Agricultura, ganaderia, silvicultura y pesca",119.960246311683,1579.07813670348
BENI,2021,Comercio; reparacion de vehículos automotores y motocicletas,120.460615822004,778.302037732137
BENI,2021,Comunicación e informaciones,99.3947592356572,229.264168491266
BENI,2021,Construcción,81.2291722263001,587.340001325385
BENI,2021,Enseñanza,106.162610042323,1056.65297993731
BENI,2021,Impuestos netos de subvenciones a los productos,95.362284566625,771.399126412385
BENI,2021,Industrias manufactureras,122.547748431305,1367.1294517858
BENI,2021,PRODUCTO  INTERNO  BRUTO(1),108.844306032811,11299.4067552496
BENI,2021,"Suministro de electricidad, agua y recolección de desechos sólidos",116.98947180679,158.061931537187
BENI,2021,Transporte y almacenamiento,99.7991441835235,683.148138157448
BENI,2021,VALOR AGREGADO BRUTO,109.817652020787,10512.121644047
BOLIVIA,2017,100.893421159141,100,
BOLIVIA,2017,102.682940242837,100,
BOLIVIA,2017,102.868084782846,100,
BOLIVIA,2017,103.205466701215,100,
BOLIVIA,2017,103.377220679292,100,
BOLIVIA,2017,104.049487022101,100,
BOLIVIA,2017,108.173325244495,100,
BOLIVIA,2017,108.940492697622,100,
BOLIVIA,2017,109.661862695076,100,
BOLIVIA,2017,11229.7505175603,,10381.2566473099
BOLIVIA,2017,12202.0653324169,,11883.2449709368
BOLIVIA,2017,15717.1130668193,,15203.6521813434
BOLIVIA,2017,21614.0929775225,,19709.7627619387
BOLIVIA,2017,23559.4243466515,,24366.5213415173
BOLIVIA,2017,326460.72153827,,317358.607606458
BOLIVIA,2017,3579.32528637268,,3285.57839031217
BOLIVIA,2017,57587.0799404421,,55345.8566578135
BOLIVIA,2017,82493.5031246108,,81763.0150478221
BOLIVIA,2017,96.6876806764757,100,
BOLIVIA,2017,98478.366945874,,95419.7196074641
BOLIVIA,2018,100.893421159141,100.893421159141,
BOLIVIA,2018,102.682940242837,102.682940242837,
BOLIVIA,2018,102.868084782846,102.868084782846,
BOLIVIA,2018,103.205466701215,103.205466701215,
BOLIVIA,2018,103.377220679292,103.377220679292,
BOLIVIA,2018,104.049487022101,104.049487022101,
BOLIVIA,2018,108.173325244495,108.173325244495,
BOLIVIA,2018,108.940492697622,108.940492697622,
BOLIVIA,2018,109.661862695076,109.661862695076,
BOLIVIA,2018,11229.7505175603,,11229.7505175603
BOLIVIA,2018,12202.0653324169,,12202.0653324169
BOLIVIA,2018,15717.1130668193,,15717.1130668193
BOLIVIA,2018,21614.0929775225,,21614.0929775225
BOLIVIA,2018,23559.4243466515,,23559.4243466515
BOLIVIA,2018,326460.72153827,,326460.72153827
BOLIVIA,2018,3579.32528637268,,3579.32528637268
BOLIVIA,2018,57587.0799404421,,57587.0799404421
BOLIVIA,2018,82493.5031246108,,82493.5031246108
BOLIVIA,2018,96.6876806764757,96.6876806764757,
BOLIVIA,2018,98478.366945874,,98478.366945874
BOLIVIA,2019,100.893421159141,104.91532603126,
BOLIVIA,2019,102.682940242837,103.765945500851,
BOLIVIA,2019,102.868084782846,104.418019872146,
BOLIVIA,2019,103.205466701215,106.286110750793,
BOLIVIA,2019,103.377220679292,104.46204054599,
BOLIVIA,2019,104.049487022101,103.589753836166,
BOLIVIA,2019,108.173325244495,115.673432431005,
BOLIVIA,2019,108.940492697622,114.251292120743,
BOLIVIA,2019,109.661862695076,107.627058765054,
BOLIVIA,2019,11229.7505175603,,12008.3558934153
BOLIVIA,2019,12202.0653324169,,12330.7615002749
BOLIVIA,2019,15717.1130668193,,15882.0453061463
BOLIVIA,2019,21614.0929775225,,21213.0379502445
BOLIVIA,2019,23559.4243466515,,21796.4345664674
BOLIVIA,2019,326460.72153827,,331379.573956477
BOLIVIA,2019,3579.32528637268,,3753.81576457157
BOLIVIA,2019,57587.0799404421,,57332.6366703464
BOLIVIA,2019,82493.5031246108,,85781.9338104106
BOLIVIA,2019,96.6876806764757,89.4523853486184,
BOLIVIA,2019,98478.366945874,,101417.908860085
BOLIVIA,2020,100.893421159141,88.5642314447423,
BOLIVIA,2020,102.682940242837,90.1213358858596,
BOLIVIA,2020,102.868084782846,91.1366021923554,
BOLIVIA,2020,103.205466701215,95.4309294623435,
BOLIVIA,2020,103.377220679292,91.8304807652227,
BOLIVIA,2020,104.049487022101,91.6258590354349,
BOLIVIA,2020,108.173325244495,102.89694446655,
BOLIVIA,2020,108.940492697622,91.368940131569,
BOLIVIA,2020,109.661862695076,87.7633345000441,
BOLIVIA,2020,11229.7505175603,,10681.9958873125
BOLIVIA,2020,12202.0653324169,,10709.3391143974
BOLIVIA,2020,15717.1130668193,,13961.5868919999
BOLIVIA,2020,21614.0929775225,,17297.9450219254
BOLIVIA,2020,23559.4243466515,,19536.7218063128
BOLIVIA,2020,326460.72153827,,289229.851737496
BOLIVIA,2020,3579.32528637268,,3001.99815242009
BOLIVIA,2020,57587.0799404421,,50711.1166032421
BOLIVIA,2020,82493.5031246108,,72412.7858831526
BOLIVIA,2020,96.6876806764757,80.1785430611503,
BOLIVIA,2020,98478.366945874,,91059.925311765
BOLIVIA,2021,100.893421159141,100.858804273847,
BOLIVIA,2021,102.682940242837,105.104285197328,
BOLIVIA,2021,102.868084782846,100.276736553628,
BOLIVIA,2021,103.205466701215,103.727991031515,
BOLIVIA,2021,103.377220679292,94.4031579327082,
BOLIVIA,2021,104.049487022101,98.8196821412724,
BOLIVIA,2021,108.173325244495,108.844306032811,
BOLIVIA,2021,108.940492697622,108.75765576131,
BOLIVIA,2021,109.661862695076,101.365202812367,
BOLIVIA,2021,11229.7505175603,,11299.4067552496
BOLIVIA,2021,12202.0653324169,,12489.7996849506
BOLIVIA,2021,15717.1130668193,,14352.7277802933
BOLIVIA,2021,21614.0929775225,,19978.8409974756
BOLIVIA,2021,23559.4243466515,,20419.3276167815
BOLIVIA,2021,326460.72153827,,318236.854879788
BOLIVIA,2021,3579.32528637268,,3573.31803550371
BOLIVIA,2021,57587.0799404421,,54692.5996276155
BOLIVIA,2021,82493.5031246108,,82465.1993154792
BOLIVIA,2021,96.6876806764757,83.8007499330228,
BOLIVIA,2021,98478.366945874,,98976.9581967276
CHUQUISACA,2017,Actividad extractiva,100,2125.77142571647
CHUQUISACA,2017,"Actividades artisticas, de entretenimiento, recreativas y otros servicios",100,390.692513565416
CHUQUISACA,2017,Actividades de alojamiento y de servicio de comidas y bebidas,100,889.769987122002
CHUQUISACA,2017,Actividades de atencion de la salud humana y de asistencia social,100,814.493546938022
CHUQUISACA,2017,Actividades financieras y de seguros,100,443.834941576501
CHUQUISACA,2017,"Actividades inmobiliarias, empresariales y de alquiler",100,1644.79569038047
CHUQUISACA,2017,Administracion publica,100,867.3457515615
CHUQUISACA,2017,"Agricultura, ganaderia, silvicultura y pesca",100,1120.70733992623
CHUQUISACA,2017,Comercio; reparacion de vehículos automotores y motocicletas,100,690.151554446425
CHUQUISACA,2017,Comunicación e informaciones,100,344.046944789607
CHUQUISACA,2017,Construcción,100,1492.70232360661
CHUQUISACA,2017,Enseñanza,100,1090.62844892927
CHUQUISACA,2017,Impuestos netos de subvenciones a los productos,100,1015.51117370052
CHUQUISACA,2017,Industrias manufactureras,100,1240.11757134099
CHUQUISACA,2017,PRODUCTO  INTERNO  BRUTO(1),100,15203.6521813434
CHUQUISACA,2017,"Suministro de electricidad, agua y recolección de desechos sólidos",100,188.159879378332
CHUQUISACA,2017,Transporte y almacenamiento,100,844.923088365045
CHUQUISACA,2017,VALOR AGREGADO BRUTO,100,14188.1410076429
CHUQUISACA,2018,Actividad extractiva,104.255341186911,2216.23025273456
CHUQUISACA,2018,"Actividades artisticas, de entretenimiento, recreativas y otros servicios",94.4223965714244,368.901234533603
CHUQUISACA,2018,Actividades de alojamiento y de servicio de comidas y bebidas,103.167423172674,917.9527678776
CHUQUISACA,2018,Actividades de atencion de la salud humana y de asistencia social,107.911757404363,878.934300445946
CHUQUISACA,2018,Actividades financieras y de seguros,104.358170515377,463.178025137231
CHUQUISACA,2018,"Actividades inmobiliarias, empresariales y de alquiler",106.809149674172,1756.7922907728
CHUQUISACA,2018,Administracion publica,96.001341125692,832.663553695753
CHUQUISACA,2018,"Agricultura, ganaderia, silvicultura y pesca",108.273170102855,1213.42536451351
CHUQUISACA,2018,Comercio; reparacion de vehículos automotores y motocicletas,110.829104530929,764.888787699259
CHUQUISACA,2018,Comunicación e informaciones,99.380653221672,341.916101121117
CHUQUISACA,2018,Construcción,93.2653309075514,1392.17376157641
CHUQUISACA,2018,Enseñanza,105.165809061606,1146.96823217251
CHUQUISACA,2018,Impuestos netos de subvenciones a los productos,103.414572950941,1050.18654355148
CHUQUISACA,2018,Industrias manufactureras,104.488733757237,1295.7831473952
CHUQUISACA,2018,PRODUCTO  INTERNO  BRUTO(1),103.377220679292,15717.1130668193
CHUQUISACA,2018,"Suministro de electricidad, agua y recolección de desechos sólidos",102.424472202874,192.72176335082
CHUQUISACA,2018,Transporte y almacenamiento,104.671886994218,884.396940241515
CHUQUISACA,2018,VALOR AGREGADO BRUTO,103.374547203661,14666.9265232678
CHUQUISACA,2019,Actividad extractiva,110.935715558921,2358.23974226565
CHUQUISACA,2019,"Actividades artisticas, de entretenimiento, recreativas y otros servicios",82.1490517575231,320.950195181621
CHUQUISACA,2019,Actividades de alojamiento y de servicio de comidas y bebidas,102.290109092561,910.146690499959
CHUQUISACA,2019,Actividades de atencion de la salud humana y de asistencia social,115.977013116732,944.625287767244
CHUQUISACA,2019,Actividades financieras y de seguros,111.670993475054,495.634888647903
CHUQUISACA,2019,"Actividades inmobiliarias, empresariales y de alquiler",107.26117797466,1764.22723277853
CHUQUISACA,2019,Administracion publica,100.718441669964,873.577124863379
CHUQUISACA,2019,"Agricultura, ganaderia, silvicultura y pesca",110.46888377508,1238.03288880189
CHUQUISACA,2019,Comercio; reparacion de vehículos automotores y motocicletas,109.047097725585,752.590240031839
CHUQUISACA,2019,Comunicación e informaciones,93.4270847242808,321.433030599885
CHUQUISACA,2019,Construcción,91.9538938608557,1372.59791030775
CHUQUISACA,2019,Enseñanza,100.23647645682,1093.20752844237
CHUQUISACA,2019,Impuestos netos de subvenciones a los productos,99.8160629111923,1013.64327201109
CHUQUISACA,2019,Industrias manufactureras,105.462180507667,1307.85503159493
CHUQUISACA,2019,PRODUCTO  INTERNO  BRUTO(1),104.46204054599,15882.0453061463
CHUQUISACA,2019,"Suministro de electricidad, agua y recolección de desechos sólidos",100.566353124774,189.225528734762
CHUQUISACA,2019,Transporte y almacenamiento,106.114577273373,896.586563503696
CHUQUISACA,2019,VALOR AGREGADO BRUTO,104.78109115068,14866.4889618053
CHUQUISACA,2020,Actividad extractiva,103.425198286551,2198.5833121661
CHUQUISACA,2020,"Actividades artisticas, de entretenimiento, recreativas y otros servicios",86.9697001007522,339.784107363933
CHUQUISACA,2020,Actividades de alojamiento y de servicio de comidas y bebidas,72.7346446814014,647.171038614939
CHUQUISACA,2020,Actividades de atencion de la salud humana y de asistencia social,135.547247520257,1104.0235841046
CHUQUISACA,2020,Actividades financieras y de seguros,114.624536124926,508.7437429424
CHUQUISACA,2020,"Actividades inmobiliarias, empresariales y de alquiler",105.833534114657,1740.74540809523
CHUQUISACA,2020,Administracion publica,98.151642364829,851.314100139181
CHUQUISACA,2020,"Agricultura, ganaderia, silvicultura y pesca",111.340112159192,1247.79680925016
CHUQUISACA,2020,Comercio; reparacion de vehículos automotores y motocicletas,83.7184492140564,577.784178609252
CHUQUISACA,2020,Comunicación e informaciones,91.5822227711658,315.085839414607
CHUQUISACA,2020,Construcción,52.8672534037701,789.150719985069
CHUQUISACA,2020,Enseñanza,98.0995586191013,1069.90169457397
CHUQUISACA,2020,Impuestos netos de subvenciones a los productos,73.3053791747256,744.424316442869
CHUQUISACA,2020,Industrias manufactureras,79.5239307538778,986.190238699883
CHUQUISACA,2020,PRODUCTO  INTERNO  BRUTO(1),91.8304807652227,13961.5868919999
CHUQUISACA,2020,"Suministro de electricidad, agua y recolección de desechos sólidos",93.0184891437053,175.023476972343
CHUQUISACA,2020,Transporte y almacenamiento,73.6212874261927,622.043255415494
CHUQUISACA,2020,VALOR AGREGADO BRUTO,93.0458123223614,13201.4710540034
CHUQUISACA,2021,Actividad extractiva,88.9601061717756,1891.08851728664
CHUQUISACA,2021,"Actividades artisticas, de entretenimiento, recreativas y otros servicios",88.1322628845148,344.326153125591
CHUQUISACA,2021,Actividades de alojamiento y de servicio de comidas y bebidas,86.047860585329,765.628038048839
CHUQUISACA,2021,Actividades de atencion de la salud humana y de asistencia social,144.032267165592,1173.13352157228
CHUQUISACA,2021,Actividades financieras y de seguros,116.170574110753,515.605599733547
CHUQUISACA,2021,"Actividades inmobiliarias, empresariales y de alquiler",103.792777870845,1707.17913734583
CHUQUISACA,2021,Administracion publica,100.677437586401,873.22147768663
CHUQUISACA,2021,"Agricultura, ganaderia, silvicultura y pesca",119.691498216081,1341.39140577529
CHUQUISACA,2021,Comercio; reparacion de vehículos automotores y motocicletas,95.5308867276022,659.307899727
CHUQUISACA,2021,Comunicación e informaciones,93.1595038398182,320.512426742051
CHUQUISACA,2021,Construcción,55.6093616260335,830.082233134604
CHUQUISACA,2021,Enseñanza,98.1487069240067,1070.43771996943
CHUQUISACA,2021,Impuestos netos de subvenciones a los productos,83.4096197795084,847.034008802023
CHUQUISACA,2021,Industrias manufactureras,83.0832729371198,1030.33026653842
CHUQUISACA,2021,PRODUCTO  INTERNO  BRUTO(1),94.4031579327082,14352.7277802932
CHUQUISACA,2021,"Suministro de electricidad, agua y recolección de desechos sólidos",101.191136037929,190.401119510531
CHUQUISACA,2021,Transporte y almacenamiento,86.7828360858428,733.248218827278
CHUQUISACA,2021,VALOR AGREGADO BRUTO,95.1670527287202,13502.4356339687
COCHABAMBA,2017,Actividad extractiva,100,915.708836877821
COCHABAMBA,2017,"Actividades artisticas, de entretenimiento, recreativas y otros servicios",100,1706.35572104524
COCHABAMBA,2017,Actividades de alojamiento y de servicio de comidas y bebidas,100,2373.75087732487
COCHABAMBA,2017,Actividades de atencion de la salud humana y de asistencia social,100,1578.09284608958
COCHABAMBA,2017,Actividades financieras y de seguros,100,2302.87766163066
COCHABAMBA,2017,"Actividades inmobiliarias, empresariales y de alquiler",100,6083.59897531309
COCHABAMBA,2017,Administracion publica,100,1183.65204602536
COCHABAMBA,2017,"Agricultura, ganaderia, silvicultura y pesca",100,4952.51052761756
COCHABAMBA,2017,Comercio; reparacion de vehículos automotores y motocicletas,100,5666.3967760868
COCHABAMBA,2017,Comunicación e informaciones,100,1380.99963149446
COCHABAMBA,2017,Construcción,100,4105.90519174965
COCHABAMBA,2017,Enseñanza,100,3751.51459239292
COCHABAMBA,2017,Impuestos netos de subvenciones a los productos,100,7431.64003634857
COCHABAMBA,2017,Industrias manufactureras,100,8026.56623805538
COCHABAMBA,2017,PRODUCTO  INTERNO  BRUTO(1),100,55345.8566578135
COCHABAMBA,2017,"Suministro de electricidad, agua y recolección de desechos sólidos",100,999.126958612302
COCHABAMBA,2017,Transporte y almacenamiento,100,2887.15974114923
COCHABAMBA,2017,VALOR AGREGADO BRUTO,100,47914.2166214649
COCHABAMBA,2018,Actividad extractiva,105.770797384015,968.552538481564
COCHABAMBA,2018,"Actividades artisticas, de entretenimiento, recreativas y otros servicios",89.8284668075438,1532.79318249775
COCHABAMBA,2018,Actividades de alojamiento y de servicio de comidas y bebidas,103.967800621933,2467.9365793985
COCHABAMBA,2018,Actividades de atencion de la salud humana y de asistencia social,106.411148530354,1679.26672239927
COCHABAMBA,2018,Actividades financieras y de seguros,103.7608336577,2389.48505982492
COCHABAMBA,2018,"Actividades inmobiliarias, empresariales y de alquiler",108.242876582992,6585.06253065232
COCHABAMBA,2018,Administracion publica,99.587804273952,1178.77308288036
COCHABAMBA,2018,"Agricultura, ganaderia, silvicultura y pesca",100.969214159883,5000.51096092093
COCHABAMBA,2018,Comercio; reparacion de vehículos automotores y motocicletas,100.535991270393,5696.76816815243
COCHABAMBA,2018,Comunicación e informaciones,104.278837691853,1440.0903642512
COCHABAMBA,2018,Construcción,110.512044926243,4537.51979013531
COCHABAMBA,2018,Enseñanza,106.916988638793,4011.00643053139
COCHABAMBA,2018,Impuestos netos de subvenciones a los productos,107.929960637219,8020.96616593084
COCHABAMBA,2018,Industrias manufactureras,97.1685031988367,7799.2942717816
COCHABAMBA,2018,PRODUCTO  INTERNO  BRUTO(1),104.049487022101,57587.0799404421
COCHABAMBA,2018,"Suministro de electricidad, agua y recolección de desechos sólidos",113.121524368856,1130.22764596242
COCHABAMBA,2018,Transporte y almacenamiento,109.0631183915,3148.8264466413
COCHABAMBA,2018,VALOR AGREGADO BRUTO,103.447613818038,49566.1137745113
COCHABAMBA,2019,Actividad extractiva,92.5862066191244,847.82007574128
COCHABAMBA,2019,"Actividades artisticas, de entretenimiento, recreativas y otros servicios",91.371225469355,1559.11813318548
COCHABAMBA,2019,Actividades de alojamiento y de servicio de comidas y bebidas,105.25778233804,2498.55753170192
COCHABAMBA,2019,Actividades de atencion de la salud humana y de asistencia social,112.916392362184,1781.92550993007
COCHABAMBA,2019,Actividades financieras y de seguros,101.133427986412,2328.97912154041
COCHABAMBA,2019,"Actividades inmobiliarias, empresariales y de alquiler",104.177669704459,6337.75164664552
COCHABAMBA,2019,Administracion publica,97.1885125431846,1150.37381721901
COCHABAMBA,2019,"Agricultura, ganaderia, silvicultura y pesca",103.199195060406,5110.95099978317
COCHABAMBA,2019,Comercio; reparacion de vehículos automotores y motocicletas,102.335306839481,5798.72452755089
COCHABAMBA,2019,Comunicación e informaciones,103.708614893968,1432.21558951371
COCHABAMBA,2019,Construcción,110.590923156385,4540.75845548188
COCHABAMBA,2019,Enseñanza,103.877584870091,3896.98275462681
COCHABAMBA,2019,Impuestos netos de subvenciones a los productos,101.481500489327,7541.73981985207
COCHABAMBA,2019,Industrias manufactureras,101.197857597663,8122.71307156937
COCHABAMBA,2019,PRODUCTO  INTERNO  BRUTO(1),103.589753836166,57332.6366703464
COCHABAMBA,2019,"Suministro de electricidad, agua y recolección de desechos sólidos",123.35515739879,1232.47463240995
COCHABAMBA,2019,Transporte y almacenamiento,106.497010647558,3074.73881694369
COCHABAMBA,2019,VALOR AGREGADO BRUTO,103.722357230699,49697.7549284067
COCHABAMBA,2020,Actividad extractiva,81.0779758733777,742.438189834187
COCHABAMBA,2020,"Actividades artisticas, de entretenimiento, recreativas y otros servicios",57.0251215278769,973.051423623927
COCHABAMBA,2020,Actividades de alojamiento y de servicio de comidas y bebidas,77.2708489348573,1834.21745450755
COCHABAMBA,2020,Actividades de atencion de la salud humana y de asistencia social,124.307386675007,1961.68597627919
COCHABAMBA,2020,Actividades financieras y de seguros,96.1575097079687,2214.38981104514
COCHABAMBA,2020,"Actividades inmobiliarias, empresariales y de alquiler",96.3598913431595,5862.14936236526
COCHABAMBA,2020,Administracion publica,85.6464274515976,1013.75569087846
COCHABAMBA,2020,"Agricultura, ganaderia, silvicultura y pesca",110.588466722185,5476.90545674703
COCHABAMBA,2020,Comercio; reparacion de vehículos automotores y motocicletas,79.169278278036,4486.04543199782
COCHABAMBA,2020,Comunicación e informaciones,102.152137759301,1410.72064601966
COCHABAMBA,2020,Construcción,90.000837831164,3695.34907312795
COCHABAMBA,2020,Enseñanza,102.669025937751,3851.64348992242
COCHABAMBA,2020,Impuestos netos de subvenciones a los productos,90.1721822021614,6701.27199418501
COCHABAMBA,2020,Industrias manufactureras,87.5028841401274,7023.47695571619
COCHABAMBA,2020,PRODUCTO  INTERNO  BRUTO(1),91.6258590354349,50711.1166032421
COCHABAMBA,2020,"Suministro de electricidad, agua y recolección de desechos sólidos",119.78723580899,1196.8265659441
COCHABAMBA,2020,Transporte y almacenamiento,74.7667785795136,2158.63633090191
COCHABAMBA,2020,VALOR AGREGADO BRUTO,91.7027339252914,43938.6465807697
COCHABAMBA,2021,Actividad extractiva,73.382363908245,671.96879101764
COCHABAMBA,2021,"Actividades artisticas, de entretenimiento, recreativas y otros servicios",67.6613510711949,1154.54333493984
COCHABAMBA,2021,Actividades de alojamiento y de servicio de comidas y bebidas,92.6045556989414,2198.20145334642
COCHABAMBA,2021,Actividades de atencion de la salud humana y de asistencia social,130.921331005335,2066.06015860045
COCHABAMBA,2021,Actividades financieras y de seguros,95.2891957111984,2194.39360198071
COCHABAMBA,2021,"Actividades inmobiliarias, empresariales y de alquiler",101.687251263569,6186.24457589454
COCHABAMBA,2021,Administracion publica,96.3586626292523,1140.55128173381
COCHABAMBA,2021,"Agricultura, ganaderia, silvicultura y pesca",114.471219418662,5669.19919280144
COCHABAMBA,2021,Comercio; reparacion de vehículos automotores y motocicletas,92.7387637558592,5254.94631964476
COCHABAMBA,2021,Comunicación e informaciones,103.837488291813,1433.99533066304
COCHABAMBA,2021,Construcción,104.313397604565,4283.00920793627
COCHABAMBA,2021,Enseñanza,103.353879882531,3877.33588559741
COCHABAMBA,2021,Impuestos netos de subvenciones a los productos,91.3697315209993,6790.26954881879
COCHABAMBA,2021,Industrias manufactureras,93.0329297048384,7467.34972596236
COCHABAMBA,2021,PRODUCTO  INTERNO  BRUTO(1),98.8196821412724,54692.5996276155
COCHABAMBA,2021,"Suministro de electricidad, agua y recolección de desechos sólidos",126.744631593724,1266.33978284674
COCHABAMBA,2021,Transporte y almacenamiento,92.863502013286,2681.1176443489
COCHABAMBA,2021,VALOR AGREGADO BRUTO,99.4937495524722,47671.6506853893
LA PAZ,2017,Actividad extractiva,100,5013.63598530828
LA PAZ,2017,"Actividades artisticas, de entretenimiento, recreativas y otros servicios",100,2646.32038619845
LA PAZ,2017,Actividades de alojamiento y de servicio de comidas y bebidas,100,3927.81994104774
LA PAZ,2017,Actividades de atencion de la salud humana y de asistencia social,100,1652.52016536199
LA PAZ,2017,Actividades financieras y de seguros,100,4774.77063859432
LA PAZ,2017,"Actividades inmobiliarias, empresariales y de alquiler",100,9472.9064238213
LA PAZ,2017,Administracion publica,100,9490.69799123961
LA PAZ,2017,"Agricultura, ganaderia, silvicultura y pesca",100,3588.71444557823
LA PAZ,2017,Comercio; reparacion de vehículos automotores y motocicletas,100,6140.26931385545
LA PAZ,2017,Comunicación e informaciones,100,2294.31824871029
LA PAZ,2017,Construcción,100,5964.28353138769
LA PAZ,2017,Enseñanza,100,5205.89757852943
LA PAZ,2017,Impuestos netos de subvenciones a los productos,100,9080.29350378904
LA PAZ,2017,Industrias manufactureras,100,9135.32752837384
LA PAZ,2017,PRODUCTO  INTERNO  BRUTO(1),100,81763.0150478221
LA PAZ,2017,"Suministro de electricidad, agua y recolección de desechos sólidos",100,1102.91785871531
LA PAZ,2017,Transporte y almacenamiento,100,2272.32150731111
LA PAZ,2017,VALOR AGREGADO BRUTO,100,72682.721544033
LA PAZ,2018,Actividad extractiva,98.9133286784897,4959.15424089101
LA PAZ,2018,"Actividades artisticas, de entretenimiento, recreativas y otros servicios",97.4572984905999,2579.03235779502
LA PAZ,2018,Actividades de alojamiento y de servicio de comidas y bebidas,103.45272165044,4063.43663054259
LA PAZ,2018,Actividades de atencion de la salud humana y de asistencia social,108.328045944942,1790.14280398277
LA PAZ,2018,Actividades financieras y de seguros,98.473432837374,4701.88055793483
LA PAZ,2018,"Actividades inmobiliarias, empresariales y de alquiler",100.583953406219,9528.22378355116
LA PAZ,2018,Administracion publica,95.8204131643437,9094.02602738586
LA PAZ,2018,"Agricultura, ganaderia, silvicultura y pesca",101.627290657391,3647.11326047159
LA PAZ,2018,Comercio; reparacion de vehículos automotores y motocicletas,99.5981011813846,6115.59164402326
LA PAZ,2018,Comunicación e informaciones,102.530770939678,2352.38218821238
LA PAZ,2018,Construcción,103.318469114876,6162.20643830041
LA PAZ,2018,Enseñanza,106.389597932091,5538.53350255392
LA PAZ,2018,Impuestos netos de subvenciones a los productos,103.050186298259,9357.2593720833
LA PAZ,2018,Industrias manufactureras,101.053232753819,9231.54379007133
LA PAZ,2018,PRODUCTO  INTERNO  BRUTO(1),100.893421159141,82493.5031246108
LA PAZ,2018,"Suministro de electricidad, agua y recolección de desechos sólidos",101.0549793009,1114.55341383069
LA PAZ,2018,Transporte y almacenamiento,99.388361449481,2258.42311298066
LA PAZ,2018,VALOR AGREGADO BRUTO,100.623975270683,73136.2437525275
LA PAZ,2019,Actividad extractiva,132.039425226843,6619.97613796721
LA PAZ,2019,"Actividades artisticas, de entretenimiento, recreativas y otros servicios",84.9662378501883,2248.47887361539
LA PAZ,2019,Actividades de alojamiento y de servicio de comidas y bebidas,104.1820218861,4092.08223062897
LA PAZ,2019,Actividades de atencion de la salud humana y de asistencia social,121.605824475527,2009.5607717128
LA PAZ,2019,Actividades financieras y de seguros,100.748640952885,4810.51652700118
LA PAZ,2019,"Actividades inmobiliarias, empresariales y de alquiler",104.643974033417,9912.82573835341
LA PAZ,2019,Administracion publica,97.3623202018588,9240.36376762209
LA PAZ,2019,"Agricultura, ganaderia, silvicultura y pesca",105.869872526155,3799.36740886138
LA PAZ,2019,Comercio; reparacion de vehículos automotores y motocicletas,100.610912873179,6177.78100954166
LA PAZ,2019,Comunicación e informaciones,102.077216787332,2341.97621252732
LA PAZ,2019,Construcción,113.13638861266,6747.77499403169
LA PAZ,2019,Enseñanza,102.720039498616,5347.50004892292
LA PAZ,2019,Impuestos netos de subvenciones a los productos,103.747835359242,9420.60795444703
LA PAZ,2019,Industrias manufactureras,105.979863037896,9681.60760263385
LA PAZ,2019,PRODUCTO  INTERNO  BRUTO(1),104.91532603126,85781.9338104106
LA PAZ,2019,"Suministro de electricidad, agua y recolección de desechos sólidos",108.32532881431,1194.73939700511
LA PAZ,2019,Transporte y almacenamiento,95.4996782475731,2170.05972823251
LA PAZ,2019,VALOR AGREGADO BRUTO,105.050586048615,76353.6249380898
LA PAZ,2020,Actividad extractiva,75.9698701678496,3808.85274872729
LA PAZ,2020,"Actividades artisticas, de entretenimiento, recreativas y otros servicios",84.4235210097401,2234.11684722728
LA PAZ,2020,Actividades de alojamiento y de servicio de comidas y bebidas,75.6471107176145,2971.28229959292
LA PAZ,2020,Actividades de atencion de la salud humana y de asistencia social,136.321758944173,2252.74455632862
LA PAZ,2020,Actividades financieras y de seguros,94.505101650649,4512.40184558891
LA PAZ,2020,"Actividades inmobiliarias, empresariales y de alquiler",101.939753523896,9656.65745999275
LA PAZ,2020,Administracion publica,91.7389054970973,8706.66246119822
LA PAZ,2020,"Agricultura, ganaderia, silvicultura y pesca",109.810130095859,3940.77200145833
LA PAZ,2020,Comercio; reparacion de vehículos automotores y motocicletas,80.8825404273248,4966.40581012575
LA PAZ,2020,Comunicación e informaciones,92.6475835388143,2125.63041612013
LA PAZ,2020,Construcción,64.0655872906541,3821.05327206329
LA PAZ,2020,Enseñanza,101.134347543356,5264.95054982109
LA PAZ,2020,Impuestos netos de subvenciones a los productos,81.6371923885173,7412.8966771303
LA PAZ,2020,Industrias manufactureras,86.4787679534166,7900.118695047
LA PAZ,2020,PRODUCTO  INTERNO  BRUTO(1),88.5642314447423,72412.7858831526
LA PAZ,2020,"Suministro de electricidad, agua y recolección de desechos sólidos",99.0524708633466,1092.46739065063
LA PAZ,2020,Transporte y almacenamiento,72.9279976772375,1657.15857607121
LA PAZ,2020,VALOR AGREGADO BRUTO,89.3390656854144,64934.0643421705
LA PAZ,2021,Actividad extractiva,140.065148628444,7022.35669451121
LA PAZ,2021,"Actividades artisticas, de entretenimiento, recreativas y otros servicios",66.9986573526797,1772.99912800321
LA PAZ,2021,Actividades de alojamiento y de servicio de comidas y bebidas,90.1065116553969,3539.22153298318
LA PAZ,2021,Actividades de atencion de la salud humana y de asistencia social,144.242488022979,2383.63620159958
LA PAZ,2021,Actividades financieras y de seguros,92.2025645252937,4402.46097898471
LA PAZ,2021,"Actividades inmobiliarias, empresariales y de alquiler",104.391456733039,9888.90501078473
LA PAZ,2021,Administracion publica,93.0972130355859,8835.57532746841
LA PAZ,2021,"Agricultura, ganaderia, silvicultura y pesca",107.928021183874,3873.22848705244
LA PAZ,2021,Comercio; reparacion de vehículos automotores y motocicletas,98.8667077324325,6070.68211651371
LA PAZ,2021,Comunicación e informaciones,93.1872995440562,2138.0132189196
LA PAZ,2021,Construcción,78.0884116663371,4657.41427693757
LA PAZ,2021,Enseñanza,101.803372408321,5299.77929906606
LA PAZ,2021,Impuestos netos de subvenciones a los productos,93.5013049980596,8490.19292369678
LA PAZ,2021,Industrias manufactureras,106.55270324984,9733.93843220908
LA PAZ,2021,PRODUCTO  INTERNO  BRUTO(1),100.858804273847,82465.1993154792
LA PAZ,2021,"Suministro de electricidad, agua y recolección de desechos sólidos",108.024934446373,1191.42629387455
LA PAZ,2021,Transporte y almacenamiento,95.2537543311313,2164.47154618758
LA PAZ,2021,VALOR AGREGADO BRUTO,101.686355080817,73908.4103116669
ORURO,2017,Actividad extractiva,100,1257.06078223344
ORURO,2017,"Actividades artisticas, de entretenimiento, recreativas y otros servicios",100,461.601212273855
ORURO,2017,Actividades de alojamiento y de servicio de comidas y bebidas,100,731.456792477069
ORURO,2017,Actividades de atencion de la salud humana y de asistencia social,100,528.995946558309
ORURO,2017,Actividades financieras y de seguros,100,287.602159286004
ORURO,2017,"Actividades inmobiliarias, empresariales y de alquiler",100,1601.61334371659
ORURO,2017,Administracion publica,100,353.756373372311
ORURO,2017,"Agricultura, ganaderia, silvicultura y pesca",100,462.595521223165
ORURO,2017,Comercio; reparacion de vehículos automotores y motocicletas,100,674.350275709325
ORURO,2017,Comunicación e informaciones,100,468.973709892541
ORURO,2017,Construcción,100,1131.60371481658
ORURO,2017,Enseñanza,100,962.766442074103
ORURO,2017,Impuestos netos de subvenciones a los productos,100,1088.77249480055
ORURO,2017,Industrias manufactureras,100,1275.26505950533
ORURO,2017,PRODUCTO  INTERNO  BRUTO(1),100,11883.2449709368
ORURO,2017,"Suministro de electricidad, agua y recolección de desechos sólidos",100,175.270465350001
ORURO,2017,Transporte y almacenamiento,100,421.560677647607
ORURO,2017,VALOR AGREGADO BRUTO,100,10794.4724761362
ORURO,2018,Actividad extractiva,91.7683263645013,1153.58364124014
ORURO,2018,"Actividades artisticas, de entretenimiento, recreativas y otros servicios",87.4986768474457,403.894953051393
ORURO,2018,Actividades de alojamiento y de servicio de comidas y bebidas,103.528579184731,757.266824601715
ORURO,2018,Actividades de atencion de la salud humana y de asistencia social,102.69134120873,543.233032460542
ORURO,2018,Actividades financieras y de seguros,107.70986001662,309.775883171733
ORURO,2018,"Actividades inmobiliarias, empresariales y de alquiler",102.998944997644,1649.64484696958
ORURO,2018,Administracion publica,98.9129110641643,349.910726977567
ORURO,2018,"Agricultura, ganaderia, silvicultura y pesca",103.261242810947,477.681884402816
ORURO,2018,Comercio; reparacion de vehículos automotores y motocicletas,108.432326475274,731.213692544045
ORURO,2018,Comunicación e informaciones,100.481300059093,471.230880635383
ORURO,2018,Construcción,104.708888954708,1184.88967715464
ORURO,2018,Enseñanza,107.517353357783,1035.14099753497
ORURO,2018,Impuestos netos de subvenciones a los productos,108.03442688111,1176.24912479694
ORURO,2018,Industrias manufactureras,105.630653410017,1347.07081506512
ORURO,2018,PRODUCTO  INTERNO  BRUTO(1),102.682940242837,12202.0653324169
ORURO,2018,"Suministro de electricidad, agua y recolección de desechos sólidos",103.566086598114,181.5207619253
ORURO,2018,Transporte y almacenamiento,101.944420500309,429.75758988503
ORURO,2018,VALOR AGREGADO BRUTO,102.143168478082,11025.81620762
ORURO,2019,Actividad extractiva,100.523897450061,1263.64649161728
ORURO,2019,"Actividades artisticas, de entretenimiento, recreativas y otros servicios",79.171747979462,365.457748451598
ORURO,2019,Actividades de alojamiento y de servicio de comidas y bebidas,103.002635927674,753.419776923398
ORURO,2019,Actividades de atencion de la salud humana y de asistencia social,107.839399776589,570.466053610964
ORURO,2019,Actividades financieras y de seguros,113.817572321247,327.341795642816
ORURO,2019,"Actividades inmobiliarias, empresariales y de alquiler",103.202542173107,1652.90568649922
ORURO,2019,Administracion publica,100.646804812875,356.044486621134
ORURO,2019,"Agricultura, ganaderia, silvicultura y pesca",104.796601028923,484.784382753907
ORURO,2019,Comercio; reparacion de vehículos automotores y motocicletas,98.5613537352792,664.648760656698
ORURO,2019,Comunicación e informaciones,101.485404653373,475.939867202382
ORURO,2019,Construcción,117.358286885307,1328.03073403923
ORURO,2019,Enseñanza,104.401877748978,1005.14624386239
ORURO,2019,Impuestos netos de subvenciones a los productos,110.998062962677,1208.51637929902
ORURO,2019,Industrias manufactureras,98.3048928327636,1253.64795008039
ORURO,2019,PRODUCTO  INTERNO  BRUTO(1),103.765945500851,12330.7615002749
ORURO,2019,"Suministro de electricidad, agua y recolección de desechos sólidos",116.334024120476,203.899185436341
ORURO,2019,Transporte y almacenamiento,99.2641032175793,418.458426184847
ORURO,2019,VALOR AGREGADO BRUTO,103.043438600355,11122.9956181796
ORURO,2020,Actividad extractiva,75.9568537461041,954.823819860687
ORURO,2020,"Actividades artisticas, de entretenimiento, recreativas y otros servicios",61.2952975676537,282.939836639156
ORURO,2020,Actividades de alojamiento y de servicio de comidas y bebidas,78.1529894091223,571.655349556909
ORURO,2020,Actividades de atencion de la salud humana y de asistencia social,118.557341386919,627.1635302841
ORURO,2020,Actividades financieras y de seguros,122.370910446161,351.941380781101
ORURO,2020,"Actividades inmobiliarias, empresariales y de alquiler",106.501132653245,1705.73635178368
ORURO,2020,Administracion publica,92.1115396389358,325.850442084098
ORURO,2020,"Agricultura, ganaderia, silvicultura y pesca",106.444061078962,492.405459159327
ORURO,2020,Comercio; reparacion de vehículos automotores y motocicletas,78.5969237530508,530.018572027746
ORURO,2020,Comunicación e informaciones,102.112871292884,478.882520780034
ORURO,2020,Construcción,71.74089337015,811.822614419219
ORURO,2020,Enseñanza,103.876798620369,1000.09095821781
ORURO,2020,Impuestos netos de subvenciones a los productos,89.2992720257417,972.265911873396
ORURO,2020,Industrias manufactureras,83.2333852877086,1061.4462804176
ORURO,2020,PRODUCTO  INTERNO  BRUTO(1),90.1213358858596,10709.3391143974
ORURO,2020,"Suministro de electricidad, agua y recolección de desechos sólidos",110.784243193767,194.172058580191
ORURO,2020,Transporte y almacenamiento,73.8414440578851,311.286491955199
ORURO,2020,VALOR AGREGADO BRUTO,90.0947459629635,9725.25255541694
ORURO,2021,Actividad extractiva,125.489757717254,1577.48252998336
ORURO,2021,"Actividades artisticas, de entretenimiento, recreativas y otros servicios",52.8216318028897,243.825292744971
ORURO,2021,Actividades de alojamiento y de servicio de comidas y bebidas,96.505048535213,705.892732594107
ORURO,2021,Actividades de atencion de la salud humana y de asistencia social,125.063007157435,661.578238506758
ORURO,2021,Actividades financieras y de seguros,128.112470577918,368.454231696739
ORURO,2021,"Actividades inmobiliarias, empresariales y de alquiler",107.811496369706,1726.72331191773
ORURO,2021,Administracion publica,108.048322864277,382.22782845427
ORURO,2021,"Agricultura, ganaderia, silvicultura y pesca",91.4000794536832,422.812673947153
ORURO,2021,Comercio; reparacion de vehículos automotores y motocicletas,103.582703710592,698.510248059548
ORURO,2021,Comunicación e informaciones,100.863515404858,473.023370122197
ORURO,2021,Construcción,108.055281712876,1222.75758191843
ORURO,2021,Enseñanza,104.465597339587,1005.7597146978
ORURO,2021,Impuestos netos de subvenciones a los productos,108.273898197098,1178.85642261835
ORURO,2021,Industrias manufactureras,96.034080004855,1224.68906751931
ORURO,2021,PRODUCTO  INTERNO  BRUTO(1),105.104285197328,12489.7996849506
ORURO,2021,"Suministro de electricidad, agua y recolección de desechos sólidos",131.842500763889,231.080964617947
ORURO,2021,Transporte y almacenamiento,96.5497496947649,407.01577908032
ORURO,2021,VALOR AGREGADO BRUTO,104.751240416251,11307.3438151435
PANDO,2017,Actividad extractiva,100,147.913289690015
PANDO,2017,"Actividades artisticas, de entretenimiento, recreativas y otros servicios",100,71.0460286143388
PANDO,2017,Actividades de alojamiento y de servicio de comidas y bebidas,100,107.510865400451
PANDO,2017,Actividades de atencion de la salud humana y de asistencia social,100,157.88390992513
PANDO,2017,Actividades financieras y de seguros,100,102.196623110581
PANDO,2017,"Actividades inmobiliarias, empresariales y de alquiler",100,301.896146514814
PANDO,2017,Administracion publica,100,149.912096537612
PANDO,2017,"Agricultura, ganaderia, silvicultura y pesca",100,724.915351822938
PANDO,2017,Comercio; reparacion de vehículos automotores y motocicletas,100,187.895168895794
PANDO,2017,Comunicación e informaciones,100,68.590592012019
PANDO,2017,Construcción,100,274.027049459827
PANDO,2017,Enseñanza,100,232.283662478803
PANDO,2017,Impuestos netos de subvenciones a los productos,100,211.701286445407
PANDO,2017,Industrias manufactureras,100,344.746627590728
PANDO,2017,PRODUCTO  INTERNO  BRUTO(1),100,3285.57839031217
PANDO,2017,"Suministro de electricidad, agua y recolección de desechos sólidos",100,27.4100864662034
PANDO,2017,Transporte y almacenamiento,100,175.649605347507
PANDO,2017,VALOR AGREGADO BRUTO,100,3073.87710386676
PANDO,2018,Actividad extractiva,66.7054971903089,98.6662952982663
PANDO,2018,"Actividades artisticas, de entretenimiento, recreativas y otros servicios",111.377433615498,79.1292433563833
PANDO,2018,Actividades de alojamiento y de servicio de comidas y bebidas,109.234273666285,117.43871293252
PANDO,2018,Actividades de atencion de la salud humana y de asistencia social,106.320680951702,167.86324814557
PANDO,2018,Actividades financieras y de seguros,89.8509457849878,91.8246324251768
PANDO,2018,"Actividades inmobiliarias, empresariales y de alquiler",100.140599411545,302.320610720292
PANDO,2018,Administracion publica,109.169039051437,163.657595211973
PANDO,2018,"Agricultura, ganaderia, silvicultura y pesca",117.078092267624,848.717064469429
PANDO,2018,Comercio; reparacion de vehículos automotores y motocicletas,117.794680052915,221.330513035684
PANDO,2018,Comunicación e informaciones,101.777401987528,69.8097225576977
PANDO,2018,Construcción,118.577254653897,324.93375225854
PANDO,2018,Enseñanza,110.61404334958,256.938351108294
PANDO,2018,Impuestos netos de subvenciones a los productos,105.160075184286,222.62523199209
PANDO,2018,Industrias manufactureras,116.151497941443,400.428372049237
PANDO,2018,PRODUCTO  INTERNO  BRUTO(1),108.940492697622,3579.32528637268
PANDO,2018,"Suministro de electricidad, agua y recolección de desechos sólidos",93.5095586864047,25.6310508901087
PANDO,2018,Transporte y almacenamiento,107.037467889242,188.010889921417
PANDO,2018,VALOR AGREGADO BRUTO,109.200854196742,3356.70005438059
PANDO,2019,Actividad extractiva,40.8271684675748,60.3888079676743
PANDO,2019,"Actividades artisticas, de entretenimiento, recreativas y otros servicios",91.7134202326887,65.1587427817048
PANDO,2019,Actividades de alojamiento y de servicio de comidas y bebidas,116.484881425612,125.233904081365
PANDO,2019,Actividades de atencion de la salud humana y de asistencia social,122.76565156178,193.827210730801
PANDO,2019,Actividades financieras y de seguros,93.847111107543,95.9085784387443
PANDO,2019,"Actividades inmobiliarias, empresariales y de alquiler",103.382154850967,312.106741679047
PANDO,2019,Administracion publica,124.398827251065,186.488890000273
PANDO,2019,"Agricultura, ganaderia, silvicultura y pesca",118.282004654482,857.444410184262
PANDO,2019,Comercio; reparacion de vehículos automotores y motocicletas,109.175329419203,205.135169604752
PANDO,2019,Comunicación e informaciones,97.4237780575035,66.8235461301171
PANDO,2019,Construcción,164.62294498293,451.111398870598
PANDO,2019,Enseñanza,108.743212360083,252.592716367103
PANDO,2019,Impuestos netos de subvenciones a los productos,119.003079493422,251.931050197224
PANDO,2019,Industrias manufactureras,116.631351186587,402.082649929255
PANDO,2019,PRODUCTO  INTERNO  BRUTO(1),114.251292120743,3753.81576457157
PANDO,2019,"Suministro de electricidad, agua y recolección de desechos sólidos",108.252063716072,29.6719842660249
PANDO,2019,Transporte y almacenamiento,114.312526450446,200.789501572972
PANDO,2019,VALOR AGREGADO BRUTO,113.941864482539,3502.43288404766
PANDO,2020,Actividad extractiva,36.0433458368199,53.3128985415893
PANDO,2020,"Actividades artisticas, de entretenimiento, recreativas y otros servicios",80.9257277173004,57.4945156703952
PANDO,2020,Actividades de alojamiento y de servicio de comidas y bebidas,86.8917814039154,93.4181061492177
PANDO,2020,Actividades de atencion de la salud humana y de asistencia social,143.202307227243,226.093401753369
PANDO,2020,Actividades financieras y de seguros,89.2093840724956,91.1689780198394
PANDO,2020,"Actividades inmobiliarias, empresariales y de alquiler",87.7798867958244,265.00409565166
PANDO,2020,Administracion publica,99.5121909864246,149.180811818261
PANDO,2020,"Agricultura, ganaderia, silvicultura y pesca",111.352373830591,807.210452517225
PANDO,2020,Comercio; reparacion de vehículos automotores y motocicletas,93.2717116397691,175.253040117542
PANDO,2020,Comunicación e informaciones,89.525675903302,61.4061911048363
PANDO,2020,Construcción,55.2152437505596,151.30470330171
PANDO,2020,Enseñanza,108.667080898513,252.41587541987
PANDO,2020,Impuestos netos de subvenciones a los productos,75.2994552456333,159.409915441389
PANDO,2020,Industrias manufactureras,94.2308863319985,324.857802778417
PANDO,2020,PRODUCTO  INTERNO  BRUTO(1),91.368940131569,3001.9981524201
PANDO,2020,"Suministro de electricidad, agua y recolección de desechos sólidos",101.97395514433,27.9511492780682
PANDO,2020,Transporte y almacenamiento,46.6755521152669,81.9854230842362
PANDO,2020,VALOR AGREGADO BRUTO,92.3968551982154,2840.16577663087
PANDO,2021,Actividad extractiva,65.6249660107821,97.0680460845018
PANDO,2021,"Actividades artisticas, de entretenimiento, recreativas y otros servicios",76.3166599897545,54.2199560938286
PANDO,2021,Actividades de alojamiento y de servicio de comidas y bebidas,110.660081799426,118.97161159541
PANDO,2021,Actividades de atencion de la salud humana y de asistencia social,156.967758842558,247.82683498248
PANDO,2021,Actividades financieras y de seguros,95.3781369455888,97.4732351441777
PANDO,2021,"Actividades inmobiliarias, empresariales y de alquiler",116.831418786478,352.709551234963
PANDO,2021,Administracion publica,104.381799027095,156.480943325195
PANDO,2021,"Agricultura, ganaderia, silvicultura y pesca",117.133271462398,849.117066923362
PANDO,2021,Comercio; reparacion de vehículos automotores y motocicletas,123.032606688803,231.172324134826
PANDO,2021,Comunicación e informaciones,85.5512203729137,58.6800885272885
PANDO,2021,Construcción,113.750379436296,311.706808518639
PANDO,2021,Enseñanza,110.723649083871,257.192947322192
PANDO,2021,Impuestos netos de subvenciones a los productos,92.6731251624705,196.190198158112
PANDO,2021,Industrias manufactureras,117.036243634473,403.478502988714
PANDO,2021,PRODUCTO  INTERNO  BRUTO(1),108.757655761311,3573.31803550372
PANDO,2021,"Suministro de electricidad, agua y recolección de desechos sólidos",115.111988299438,31.5522955258417
PANDO,2021,Transporte y almacenamiento,46.525576414908,81.7219913584385
PANDO,2021,VALOR AGREGADO BRUTO,109.787749884109,3374.74050653812
POTOSÍ,2017,Actividad extractiva,100,5916.03585380196
POTOSÍ,2017,"Actividades artisticas, de entretenimiento, recreativas y otros servicios",100,331.601421022808
POTOSÍ,2017,Actividades de alojamiento y de servicio de comidas y bebidas,100,1151.22774229122
POTOSÍ,2017,Actividades de atencion de la salud humana y de asistencia social,100,1086.7218178579
POTOSÍ,2017,Actividades financieras y de seguros,100,292.863561157862
POTOSÍ,2017,"Actividades inmobiliarias, empresariales y de alquiler",100,2487.42829684796
POTOSÍ,2017,Administracion publica,100,630.47330849082
POTOSÍ,2017,"Agricultura, ganaderia, silvicultura y pesca",100,877.396872095276
POTOSÍ,2017,Comercio; reparacion de vehículos automotores y motocicletas,100,686.011293201848
POTOSÍ,2017,Comunicación e informaciones,100,368.277519813103
POTOSÍ,2017,Construcción,100,1722.26541692995
POTOSÍ,2017,Enseñanza,100,1514.66722356592
POTOSÍ,2017,Impuestos netos de subvenciones a los productos,100,1140.50699945257
POTOSÍ,2017,Industrias manufactureras,100,862.34406468657
POTOSÍ,2017,PRODUCTO  INTERNO  BRUTO(1),100,19709.7627619387
POTOSÍ,2017,"Suministro de electricidad, agua y recolección de desechos sólidos",100,201.639474513036
POTOSÍ,2017,Transporte y almacenamiento,100,440.301896209858
POTOSÍ,2017,VALOR AGREGADO BRUTO,100,18569.2557624861
POTOSÍ,2018,Actividad extractiva,110.115313684312,6514.46143809038
POTOSÍ,2018,"Actividades artisticas, de entretenimiento, recreativas y otros servicios",114.605714645855,380.034178339
POTOSÍ,2018,Actividades de alojamiento y de servicio de comidas y bebidas,103.561895377423,1192.2332700275
POTOSÍ,2018,Actividades de atencion de la salud humana y de asistencia social,107.0463757863,1163.29632089588
POTOSÍ,2018,Actividades financieras y de seguros,105.33271853175,308.481150556469
POTOSÍ,2018,"Actividades inmobiliarias, empresariales y de alquiler",105.521686622793,2624.77629236658
POTOSÍ,2018,Administracion publica,73.5662333474402,463.815465317684
POTOSÍ,2018,"Agricultura, ganaderia, silvicultura y pesca",104.689584083662,918.543136159603
POTOSÍ,2018,Comercio; reparacion de vehículos automotores y motocicletas,110.170439920947,755.781659627851
POTOSÍ,2018,Comunicación e informaciones,105.876486566474,389.919298792264
POTOSÍ,2018,Construcción,142.290859797143,2450.62626973849
POTOSÍ,2018,Enseñanza,106.567906795611,1614.1491550734
POTOSÍ,2018,Impuestos netos de subvenciones a los productos,105.818644118705,1206.86904289963
POTOSÍ,2018,Industrias manufactureras,112.392187425457,969.207357434829
POTOSÍ,2018,PRODUCTO  INTERNO  BRUTO(1),109.661862695076,21614.0929775225
POTOSÍ,2018,"Suministro de electricidad, agua y recolección de desechos sólidos",112.371984446133,226.586278937053
POTOSÍ,2018,Transporte y almacenamiento,98.866860899995,435.312663265841
POTOSÍ,2018,VALOR AGREGADO BRUTO,109.89790972587,20407.2239346228
POTOSÍ,2019,Actividad extractiva,107.325497661855,6349.41492194672
POTOSÍ,2019,"Actividades artisticas, de entretenimiento, recreativas y otros servicios",89.7153825240576,297.497483325823
POTOSÍ,2019,Actividades de alojamiento y de servicio de comidas y bebidas,103.597207335385,1192.63979108391
POTOSÍ,2019,Actividades de atencion de la salud humana y de asistencia social,116.922048322141,1270.61740900306
POTOSÍ,2019,Actividades financieras y de seguros,112.754046707927,330.215516538434
POTOSÍ,2019,"Actividades inmobiliarias, empresariales y de alquiler",112.206333186751,2791.05208254276
POTOSÍ,2019,Administracion publica,75.1122109665858,473.562441561638
POTOSÍ,2019,"Agricultura, ganaderia, silvicultura y pesca",110.86486280905,972.724838539326
POTOSÍ,2019,Comercio; reparacion de vehículos automotores y motocicletas,108.470522202783,744.120032106107
POTOSÍ,2019,Comunicación e informaciones,104.759912362693,385.807207007705
POTOSÍ,2019,Construcción,120.017829462278,2067.02557097879
POTOSÍ,2019,Enseñanza,102.002938181154,1545.00507170414
POTOSÍ,2019,Impuestos netos de subvenciones a los productos,99.3768324850044,1133.39973032573
POTOSÍ,2019,Industrias manufactureras,116.951306841905,1008.52265312455
POTOSÍ,2019,PRODUCTO  INTERNO  BRUTO(1),107.627058765054,21213.0379502445
POTOSÍ,2019,"Suministro de electricidad, agua y recolección de desechos sólidos",117.186532459601,236.294308251588
POTOSÍ,2019,Transporte y almacenamiento,93.748781595893,412.777663040356
POTOSÍ,2019,VALOR AGREGADO BRUTO,108.136455723774,20080.1350358351
POTOSÍ,2020,Actividad extractiva,79.1414900383416,4682.03892590139
POTOSÍ,2020,"Actividades artisticas, de entretenimiento, recreativas y otros servicios",98.3855245256951,326.247797407949
POTOSÍ,2020,Actividades de alojamiento y de servicio de comidas y bebidas,76.4098570310691,879.651471986729
POTOSÍ,2020,Actividades de atencion de la salud humana y de asistencia social,129.571791670264,1408.08492987014
POTOSÍ,2020,Actividades financieras y de seguros,113.291262828254,331.788826799538
POTOSÍ,2020,"Actividades inmobiliarias, empresariales y de alquiler",102.822300761611,2557.63100461443
POTOSÍ,2020,Administracion publica,73.5080677448872,463.448746718864
POTOSÍ,2020,"Agricultura, ganaderia, silvicultura y pesca",111.628607256318,979.425908430455
POTOSÍ,2020,Comercio; reparacion de vehículos automotores y motocicletas,79.9641165192066,548.562869830842
POTOSÍ,2020,Comunicación e informaciones,101.509745732095,373.837573950748
POTOSÍ,2020,Construcción,60.3445819251903,1039.29386548852
POTOSÍ,2020,Enseñanza,100.076710451444,1515.82913163099
POTOSÍ,2020,Impuestos netos de subvenciones a los productos,73.3035352575004,836.031950457977
POTOSÍ,2020,Industrias manufactureras,94.045965492761,810.999801504004
POTOSÍ,2020,PRODUCTO  INTERNO  BRUTO(1),87.7633345000442,17297.9450219254
POTOSÍ,2020,"Suministro de electricidad, agua y recolección de desechos sólidos",102.888378559284,207.463585861923
POTOSÍ,2020,Transporte y almacenamiento,65.8308052236512,289.854283689955
POTOSÍ,2020,VALOR AGREGADO BRUTO,88.6496707708879,16461.584098048
POTOSÍ,2021,Actividad extractiva,106.952491166564,6327.34772394827
POTOSÍ,2021,"Actividades artisticas, de entretenimiento, recreativas y otros servicios",95.2880084995599,315.976390248875
POTOSÍ,2021,Actividades de alojamiento y de servicio de comidas y bebidas,91.4113783487057,1052.35314716109
POTOSÍ,2021,Actividades de atencion de la salud humana y de asistencia social,139.152557874931,1512.20120653421
POTOSÍ,2021,Actividades financieras y de seguros,115.714390344805,338.885284335904
POTOSÍ,2021,"Actividades inmobiliarias, empresariales y de alquiler",106.201749849308,2641.69237749938
POTOSÍ,2021,Administracion publica,79.32299217516,500.110293160645
POTOSÍ,2021,"Agricultura, ganaderia, silvicultura y pesca",107.492124238218,943.132535814893
POTOSÍ,2021,Comercio; reparacion de vehículos automotores y motocicletas,88.5609992175299,607.538456004655
POTOSÍ,2021,Comunicación e informaciones,104.023533616135,383.09528962345
POTOSÍ,2021,Construcción,80.4469393023391,1385.50981458282
POTOSÍ,2021,Enseñanza,100.896909396501,1528.2524162198
POTOSÍ,2021,Impuestos netos de subvenciones a los productos,89.1836934034662,1017.14626563686
POTOSÍ,2021,Industrias manufactureras,97.2641716098939,838.75181094448
POTOSÍ,2021,PRODUCTO  INTERNO  BRUTO(1),101.365202812367,19978.8409974756
POTOSÍ,2021,"Suministro de electricidad, agua y recolección de desechos sólidos",129.833389917148,261.795365171398
POTOSÍ,2021,Transporte y almacenamiento,85.3285698324128,375.703310980866
POTOSÍ,2021,VALOR AGREGADO BRUTO,102.14734568816,18968.0018754253
SANTA CRUZ,2017,Actividad extractiva,100,5758.07536953849
SANTA CRUZ,2017,"Actividades artisticas, de entretenimiento, recreativas y otros servicios",100,3113.3609547807
SANTA CRUZ,2017,Actividades de alojamiento y de servicio de comidas y bebidas,100,3367.07312292085
SANTA CRUZ,2017,Actividades de atencion de la salud humana y de asistencia social,100,2164.01814725429
SANTA CRUZ,2017,Actividades financieras y de seguros,100,5212.00612057995
SANTA CRUZ,2017,"Actividades inmobiliarias, empresariales y de alquiler",100,7827.63322470504
SANTA CRUZ,2017,Administracion publica,100,2129.16992873474
SANTA CRUZ,2017,"Agricultura, ganaderia, silvicultura y pesca",100,10285.968575922
SANTA CRUZ,2017,Comercio; reparacion de vehículos automotores y motocicletas,100,10568.8919184955
SANTA CRUZ,2017,Comunicación e informaciones,100,2361.64253326194
SANTA CRUZ,2017,Construcción,100,5415.87244800695
SANTA CRUZ,2017,Enseñanza,100,5478.58229430616
SANTA CRUZ,2017,Impuestos netos de subvenciones a los productos,100,11614.8816917883
SANTA CRUZ,2017,Industrias manufactureras,100,13634.6532439246
SANTA CRUZ,2017,PRODUCTO  INTERNO  BRUTO(1),100,95419.7196074641
SANTA CRUZ,2017,"Suministro de electricidad, agua y recolección de desechos sólidos",100,1941.44197526717
SANTA CRUZ,2017,Transporte y almacenamiento,100,4546.44805797757
SANTA CRUZ,2017,VALOR AGREGADO BRUTO,100,83804.8379156758
SANTA CRUZ,2018,Actividad extractiva,96.9350368429644,5581.59248090779
SANTA CRUZ,2018,"Actividades artisticas, de entretenimiento, recreativas y otros servicios",113.641867970947,3538.08154569089
SANTA CRUZ,2018,Actividades de alojamiento y de servicio de comidas y bebidas,104.575835861395,3521.14486235885
SANTA CRUZ,2018,Actividades de atencion de la salud humana y de asistencia social,99.9131922481974,2162.13961175206
SANTA CRUZ,2018,Actividades financieras y de seguros,103.542473001549,5396.64003024059
SANTA CRUZ,2018,"Actividades inmobiliarias, empresariales y de alquiler",104.584020699804,8186.45355203025
SANTA CRUZ,2018,Administracion publica,89.4685187983206,1904.93679793823
SANTA CRUZ,2018,"Agricultura, ganaderia, silvicultura y pesca",102.009381773392,10492.6529537034
SANTA CRUZ,2018,Comercio; reparacion de vehículos automotores y motocicletas,103.991407877756,10990.7395031218
SANTA CRUZ,2018,Comunicación e informaciones,100.158570478742,2365.3874011331
SANTA CRUZ,2018,Construcción,102.984350552371,5577.50106732473
SANTA CRUZ,2018,Enseñanza,107.858690256187,5909.12710724601
SANTA CRUZ,2018,Impuestos netos de subvenciones a los productos,101.469563516657,11785.5697556336
SANTA CRUZ,2018,Industrias manufactureras,104.125592080115,14197.1634183071
SANTA CRUZ,2018,PRODUCTO  INTERNO  BRUTO(1),103.205466701215,98478.366945874
SANTA CRUZ,2018,"Suministro de electricidad, agua y recolección de desechos sólidos",104.102032460842,2021.08055530104
SANTA CRUZ,2018,Transporte y almacenamiento,106.636130917137,4848.1563031846
SANTA CRUZ,2018,VALOR AGREGADO BRUTO,103.446053171143,86692.7971902404
SANTA CRUZ,2019,Actividad extractiva,88.2440046415509,5081.15629635954
SANTA CRUZ,2019,"Actividades artisticas, de entretenimiento, recreativas y otros servicios",124.830138086337,3886.41277897883
SANTA CRUZ,2019,Actividades de alojamiento y de servicio de comidas y bebidas,107.19480113185,3609.32733807898
SANTA CRUZ,2019,Actividades de atencion de la salud humana y de asistencia social,103.577135073174,2241.42799938957
SANTA CRUZ,2019,Actividades financieras y de seguros,110.171015036412,5742.12004680285
SANTA CRUZ,2019,"Actividades inmobiliarias, empresariales y de alquiler",116.414595104457,9112.50752480228
SANTA CRUZ,2019,Administracion publica,94.9787008890468,2022.2579380325
SANTA CRUZ,2019,"Agricultura, ganaderia, silvicultura y pesca",105.555291048943,10857.3840675172
SANTA CRUZ,2019,Comercio; reparacion de vehículos automotores y motocicletas,106.553624842556,11261.5374448488
SANTA CRUZ,2019,Comunicación e informaciones,102.223672403472,2414.15772654274
SANTA CRUZ,2019,Construcción,108.934824950137,5899.77117075909
SANTA CRUZ,2019,Enseñanza,106.014238096787,5808.07727781413
SANTA CRUZ,2019,Impuestos netos de subvenciones a los productos,103.36594738801,12005.8324987135
SANTA CRUZ,2019,Industrias manufactureras,105.814553064834,14427.4473919986
SANTA CRUZ,2019,PRODUCTO  INTERNO  BRUTO(1),106.286110750793,101417.908860085
SANTA CRUZ,2019,"Suministro de electricidad, agua y recolección de desechos sólidos",111.108612977112,2157.10925047479
SANTA CRUZ,2019,Transporte y almacenamiento,110.146228579042,5007.74107016739
SANTA CRUZ,2019,VALOR AGREGADO BRUTO,106.676773445485,89400.2970796613
SANTA CRUZ,2020,Actividad extractiva,85.4516491657517,4920.37036347759
SANTA CRUZ,2020,"Actividades artisticas, de entretenimiento, recreativas y otros servicios",110.986401183721,3455.40727957023
SANTA CRUZ,2020,Actividades de alojamiento y de servicio de comidas y bebidas,79.0040492628214,2660.12410874761
SANTA CRUZ,2020,Actividades de atencion de la salud humana y de asistencia social,111.869175490266,2420.8692587931
SANTA CRUZ,2020,Actividades financieras y de seguros,107.895109261159,5623.49969849803
SANTA CRUZ,2020,"Actividades inmobiliarias, empresariales y de alquiler",107.122189935162,8385.13213039641
SANTA CRUZ,2020,Administracion publica,81.2099160977857,1729.09711270476
SANTA CRUZ,2020,"Agricultura, ganaderia, silvicultura y pesca",111.527780258375,11471.7124307998
SANTA CRUZ,2020,Comercio; reparacion de vehículos automotores y motocicletas,91.8903190583511,9711.78850483778
SANTA CRUZ,2020,Comunicación e informaciones,97.6691050580367,2306.59512690688
SANTA CRUZ,2020,Construcción,63.9959258329024,3465.93771503112
SANTA CRUZ,2020,Enseñanza,105.347744690307,5771.56288805399
SANTA CRUZ,2020,Impuestos netos de subvenciones a los productos,87.8771848309167,10206.8310521851
SANTA CRUZ,2020,Industrias manufactureras,94.7435258493829,12917.9512206314
SANTA CRUZ,2020,PRODUCTO  INTERNO  BRUTO(1),95.4309294623435,91059.925311765
SANTA CRUZ,2020,"Suministro de electricidad, agua y recolección de desechos sólidos",108.784030654288,2111.97883350984
SANTA CRUZ,2020,Transporte y almacenamiento,85.2160159419122,3874.30190187692
SANTA CRUZ,2020,VALOR AGREGADO BRUTO,96.3219076364599,80722.4185720222
SANTA CRUZ,2021,Actividad extractiva,95.2351595325784,5483.71226418608
SANTA CRUZ,2021,"Actividades artisticas, de entretenimiento, recreativas y otros servicios",111.176925937624,3461.33900286744
SANTA CRUZ,2021,Actividades de alojamiento y de servicio de comidas y bebidas,94.6694710036323,3187.59031377465
SANTA CRUZ,2021,Actividades de atencion de la salud humana y de asistencia social,120.062983667332,2598.18475469601
SANTA CRUZ,2021,Actividades financieras y de seguros,108.565624416852,5658.44698945216
SANTA CRUZ,2021,"Actividades inmobiliarias, empresariales y de alquiler",117.31531960185,9183.01293482329
SANTA CRUZ,2021,Administracion publica,88.5383880343871,1885.13273341465
SANTA CRUZ,2021,"Agricultura, ganaderia, silvicultura y pesca",116.902309424817,12024.5348119638
SANTA CRUZ,2021,Comercio; reparacion de vehículos automotores y motocicletas,101.793456071914,10758.4403523417
SANTA CRUZ,2021,Comunicación e informaciones,100.502419703069,2373.50789066511
SANTA CRUZ,2021,Construcción,82.941639766642,4492.01341604674
SANTA CRUZ,2021,Enseñanza,105.189476573154,5762.89203901012
SANTA CRUZ,2021,Impuestos netos de subvenciones a los productos,95.2887443435173,11067.6749210901
SANTA CRUZ,2021,Industrias manufactureras,102.82194531308,14019.4157020962
SANTA CRUZ,2021,PRODUCTO  INTERNO  BRUTO(1),103.727991031515,98976.9581967276
SANTA CRUZ,2021,"Suministro de electricidad, agua y recolección de desechos sólidos",118.005821857358,2291.01455879774
SANTA CRUZ,2021,Transporte y almacenamiento,102.927280368889,4679.53533946049
SANTA CRUZ,2021,VALOR AGREGADO BRUTO,104.720849816354,87761.1384525134
TARIJA,2017,Actividad extractiva,100,9762.71109379603
TARIJA,2017,"Actividades artisticas, de entretenimiento, recreativas y otros servicios",100,458.059659723863
TARIJA,2017,Actividades de alojamiento y de servicio de comidas y bebidas,100,648.252752858846
TARIJA,2017,Actividades de atencion de la salud humana y de asistencia social,100,623.996449298434
TARIJA,2017,Actividades financieras y de seguros,100,447.541536370564
TARIJA,2017,"Actividades inmobiliarias, empresariales y de alquiler",100,2139.99539262482
TARIJA,2017,Administracion publica,100,725.91565325005
TARIJA,2017,"Agricultura, ganaderia, silvicultura y pesca",100,1034.91260334321
TARIJA,2017,Comercio; reparacion de vehículos automotores y motocicletas,100,966.728136586882
TARIJA,2017,Comunicación e informaciones,100,434.110895348622
TARIJA,2017,Construcción,100,1657.16756227086
TARIJA,2017,Enseñanza,100,938.613235175206
TARIJA,2017,Impuestos netos de subvenciones a los productos,100,1335.39842122756
TARIJA,2017,Industrias manufactureras,100,1078.98589968136
TARIJA,2017,PRODUCTO  INTERNO  BRUTO(1),100,24366.5213415173
TARIJA,2017,"Suministro de electricidad, agua y recolección de desechos sólidos",100,354.694281973787
TARIJA,2017,Transporte y almacenamiento,100,1759.43776798718
TARIJA,2017,VALOR AGREGADO BRUTO,100,23031.1229202897
TARIJA,2018,Actividad extractiva,92.8203562589284,9061.7832177914
TARIJA,2018,"Actividades artisticas, de entretenimiento, recreativas y otros servicios",102.157862184634,467.943955904108
TARIJA,2018,Actividades de alojamiento y de servicio de comidas y bebidas,104.494397424439,677.387807887188
TARIJA,2018,Actividades de atencion de la salud humana y de asistencia social,107.898632587068,673.283636184866
TARIJA,2018,Actividades financieras y de seguros,104.638158227925,468.299220963117
TARIJA,2018,"Actividades inmobiliarias, empresariales y de alquiler",98.4900375386795,2107.6822655222
TARIJA,2018,Administracion publica,87.9331177643607,638.320266242294
TARIJA,2018,"Agricultura, ganaderia, silvicultura y pesca",108.564427242445,1123.54694027944
TARIJA,2018,Comercio; reparacion de vehículos automotores y motocicletas,104.037216755091,1005.75704689334
TARIJA,2018,Comunicación e informaciones,102.890899862904,446.660606627106
TARIJA,2018,Construcción,85.4856838456837,1416.64102307609
TARIJA,2018,Enseñanza,106.788595113425,1002.33188739227
TARIJA,2018,Impuestos netos de subvenciones a los productos,99.6206177831375,1330.33215709316
TARIJA,2018,Industrias manufactureras,104.76273246077,1130.37511137261
TARIJA,2018,PRODUCTO  INTERNO  BRUTO(1),96.6876806764757,23559.4243466515
TARIJA,2018,"Suministro de electricidad, agua y recolección de desechos sólidos",101.230389154156,359.058401949605
TARIJA,2018,Transporte y almacenamiento,93.7811402878066,1650.02080147271
TARIJA,2018,VALOR AGREGADO BRUTO,96.517622117223,22229.0921895584
TARIJA,2019,Actividad extractiva,79.2966722539715,7741.50501914955
TARIJA,2019,"Actividades artisticas, de entretenimiento, recreativas y otros servicios",131.20969012763,601.018660123358
TARIJA,2019,Actividades de alojamiento y de servicio de comidas y bebidas,106.219343244771,688.569816652818
TARIJA,2019,Actividades de atencion de la salud humana y de asistencia social,113.262094718108,706.751449442025
TARIJA,2019,Actividades financieras y de seguros,108.445766736103,485.339850579592
TARIJA,2019,"Actividades inmobiliarias, empresariales y de alquiler",105.930481852019,2266.90743101848
TARIJA,2019,Administracion publica,95.1531202385713,690.73139436763
TARIJA,2019,"Agricultura, ganaderia, silvicultura y pesca",107.971830084402,1117.41407760379
TARIJA,2019,Comercio; reparacion de vehículos automotores y motocicletas,101.741838275763,983.566977292524
TARIJA,2019,Comunicación e informaciones,99.9908199857609,434.071043906616
TARIJA,2019,Construcción,56.5062259933946,936.402847826002
TARIJA,2019,Enseñanza,103.487711881173,971.349360496673
TARIJA,2019,Impuestos netos de subvenciones a los productos,89.0934673844293,1189.75275686856
TARIJA,2019,Industrias manufactureras,104.474878397358,1127.26920661675
TARIJA,2019,PRODUCTO  INTERNO  BRUTO(1),89.4523853486184,21796.4345664674
TARIJA,2019,"Suministro de electricidad, agua y recolección de desechos sólidos",109.051816886235,386.800558884001
TARIJA,2019,Transporte y almacenamiento,89.779657193625,1579.61719663406
TARIJA,2019,VALOR AGREGADO BRUTO,89.467629724681,20605.3997757609
TARIJA,2020,Actividad extractiva,73.0360775099742,7130.30124153972
TARIJA,2020,"Actividades artisticas, de entretenimiento, recreativas y otros servicios",98.993632698876,453.449897088762
TARIJA,2020,Actividades de alojamiento y de servicio de comidas y bebidas,78.5141930833854,508.970418047955
TARIJA,2020,Actividades de atencion de la salud humana y de asistencia social,128.44113673142,801.46813264261
TARIJA,2020,Actividades financieras y de seguros,108.237466901403,484.407622299121
TARIJA,2020,"Actividades inmobiliarias, empresariales y de alquiler",81.0479523535829,1734.42244618343
TARIJA,2020,Administracion publica,82.9213048721274,601.938731945969
TARIJA,2020,"Agricultura, ganaderia, silvicultura y pesca",112.233074895063,1161.51423720862
TARIJA,2020,Comercio; reparacion de vehículos automotores y motocicletas,83.3803193488976,806.061007521789
TARIJA,2020,Comunicación e informaciones,92.1911195857193,400.211694665485
TARIJA,2020,Construcción,65.6362443718643,1087.70255082337
TARIJA,2020,Enseñanza,102.669029825266,963.665102365928
TARIJA,2020,Impuestos netos de subvenciones a los productos,79.0623515345615,1055.79739417792
TARIJA,2020,Industrias manufactureras,89.5351741093571,966.071903895119
TARIJA,2020,PRODUCTO  INTERNO  BRUTO(1),80.1785430611503,19536.7218063128
TARIJA,2020,"Suministro de electricidad, agua y recolección de desechos sólidos",97.0024846254032,344.062266338807
TARIJA,2020,Transporte y almacenamiento,63.2509908789392,1112.86182215018
TARIJA,2020,VALOR AGREGADO BRUTO,80.2321845065757,18478.3730353431
TARIJA,2021,Actividad extractiva,71.7241290961589,7002.21950819929
TARIJA,2021,"Actividades artisticas, de entretenimiento, recreativas y otros servicios",94.1965162545855,431.476241827488
TARIJA,2021,Actividades de alojamiento y de servicio de comidas y bebidas,96.9165464236734,628.264180167184
TARIJA,2021,Actividades de atencion de la salud humana y de asistencia social,137.111170531511,855.568835708148
TARIJA,2021,Actividades financieras y de seguros,110.230594098432,493.327694378524
TARIJA,2021,"Actividades inmobiliarias, empresariales y de alquiler",80.6330983530503,1725.54458968592
TARIJA,2021,Administracion publica,80.1156454293345,581.572010873847
TARIJA,2021,"Agricultura, ganaderia, silvicultura y pesca",123.855440895189,1281.79556775061
TARIJA,2021,Comercio; reparacion de vehículos automotores y motocicletas,93.9072037217004,907.827360659641
TARIJA,2021,Comunicación e informaciones,94.9877557124538,412.352196794895
TARIJA,2021,Construcción,83.0237117265166,1375.8420197251
TARIJA,2021,Enseñanza,103.496010837613,971.427255600197
TARIJA,2021,Impuestos netos de subvenciones a los productos,89.7176531023328,1198.08812309097
TARIJA,2021,Industrias manufactureras,95.5314934933644,1030.77134454842
TARIJA,2021,PRODUCTO  INTERNO  BRUTO(1),83.8007499330228,20419.3276167815
TARIJA,2021,"Suministro de electricidad, agua y recolección de desechos sólidos",115.381857003412,409.252849226274
TARIJA,2021,Transporte y almacenamiento,67.4786125737942,1187.24419493708
TARIJA,2021,VALOR AGREGADO BRUTO,83.5105908813135,19233.4268373356
